games_played,position,avg_passing_yards,total_passing_yards,passing_tds,passing_consistency,avg_receiving_yards,total_receiving_yards,avg_targets,avg_receptions,receiving_tds,target_share,catch_rate,avg_rushing_yards,total_rushing_yards,rushing_tds,rushing_attempts,yards_per_carry,overall_score,name,team
37,QB,254.45945945945945,9415.0,77,0.7139967952569238,0.0,0.0,0.0,0.0,0,0.0,0.0,16.08108108108108,595.0,4,133,4.473684210526316,359.8738228601084,B.Mayfield,TB
37,QB,296.2432432432432,10961.0,73,0.7449716471135335,0.0,0.0,0.02702702702702703,0.0,0,0.0007304601899196494,0.0,2.1621621621621623,80.0,3,58,1.3793103448275863,332.2757440271163,T.Brady,TB
68,WR,0.0,0.0,0,1.0,73.75,5015.0,8.088235294117647,5.073529411764706,48,0.11894463667820068,0.6272727272727273,0.14705882352941177,10.0,0,1,10.0,325.62759515570934,M.Evans,TB
56,WR,0.0,0.0,0,1.0,69.57142857142857,3896.0,8.696428571428571,6.303571428571429,16,0.15529336734693877,0.7248459958932238,1.1785714285714286,66.0,2,12,5.5,136.38558673469387,C.Godwin,TB
14,WR,0.0,0.0,0,1.0,35.857142857142854,502.0,4.428571428571429,2.7857142857142856,8,0.3163265306122449,0.629032258064516,3.0714285714285716,43.0,0,4,10.75,84.02551020408163,J.McMillan,TB
29,WR,0.0,0.0,0,1.0,22.24137931034483,645.0,3.2413793103448274,1.8620689655172413,5,0.11177170035671818,0.574468085106383,1.0689655172413792,31.0,0,4,7.75,58.054577883472064,T.Palmer,TB
52,RB,0.0,0.0,0,1.0,25.403846153846153,1321.0,3.8653846153846154,3.3846153846153846,12,0.07433431952662722,0.8756218905472637,43.32692307692308,2253.0,10,580,3.8844827586206896,156.79071107937156,R.White,TB
32,RB,0.0,0.0,0,1.0,32.46875,1039.0,5.53125,4.75,5,0.1728515625,0.8587570621468926,48.1875,1542.0,13,387,3.9844961240310077,134.38032037306203,L.Fournette,TB
18,RB,0.0,0.0,0,1.0,22.11111111111111,398.0,3.0,2.7222222222222223,1,0.16666666666666666,0.9074074074074074,66.61111111111111,1199.0,8,224,5.352678571428571,83.9109126984127,B.Irving,TB
48,TE,0.0,0.0,0,1.0,35.208333333333336,1690.0,5.145833333333333,3.4791666666666665,11,0.1072048611111111,0.6761133603238867,-0.08333333333333333,-4.0,0,1,-4.0,71.72690972222222,C.Otton,TB
14,TE,0.0,0.0,0,1.0,65.57142857142857,918.0,7.571428571428571,4.571428571428571,7,0.5408163265306122,0.6037735849056604,0.0,0.0,0,0,0.0,59.638775510204084,R.Gronkowski,TB
17,QB,232.64705882352942,3955.0,24,0.7637238305488193,0.0,0.0,0.0,0.0,0,0.0,0.0,0.23529411764705882,4.0,1,22,0.18181818181818182,119.33028643383045,B.Roethlisberger,PIT
12,QB,229.33333333333334,2752.0,18,0.6650677406103362,0.0,0.0,0.0,0.0,0,0.0,0.0,13.416666666666666,161.0,2,46,3.5,108.16567740610336,R.Wilson,PIT
48,WR,0.0,0.0,0,1.0,59.208333333333336,2842.0,8.75,5.270833333333333,15,0.18229166666666666,0.6023809523809524,1.625,78.0,0,12,6.5,119.44791666666666,D.Johnson,PIT
50,WR,0.0,0.0,0,1.0,59.56,2978.0,6.18,3.68,13,0.12359999999999999,0.5954692556634305,1.02,51.0,1,9,5.666666666666667,111.63853333333334,G.Pickens,PIT
33,WR,0.0,0.0,0,1.0,23.03030303030303,760.0,2.787878787878788,1.6666666666666667,6,0.08448117539026631,0.5978260869565217,1.7272727272727273,57.0,1,11,5.181818181818182,65.00835629017448,C.Austin,PIT
24,WR,0.041666666666666664,1.0,1,0.8040408205773457,49.833333333333336,1196.0,6.75,3.9166666666666665,3,0.28125,0.5802469135802469,6.291666666666667,151.0,0,22,6.863636363636363,49.944347599712856,C.Claypool,PIT
71,RB,0.056338028169014086,4.0,0,0.5506053454305941,16.95774647887324,1204.0,3.3943661971830985,2.6338028169014085,6,0.04780797460821266,0.7759336099585062,61.901408450704224,4395.0,28,1127,3.899733806566105,225.28930603073908,N.Harris,PIT
50,RB,0.0,0.0,0,1.0,18.58,929.0,3.22,2.66,0,0.0644,0.8260869565217391,34.36,1718.0,6,356,4.825842696629214,61.07448539325843,J.Warren,PIT
62,TE,0.0,0.0,0,1.0,37.193548387096776,2306.0,5.145161290322581,3.7419354838709675,18,0.08298647242455776,0.7272727272727272,0.0,0.0,0,0,0.0,121.8853277835588,P.Freiermuth,PIT
45,QB,196.26666666666668,8832.0,65,0.5256282870982215,0.0,0.0,0.0,0.0,0,0.0,0.0,8.177777777777777,368.0,5,96,3.8333333333333335,311.59139398209334,J.Love,GB
42,QB,191.3095238095238,8035.0,63,0.4404942773566537,2.1666666666666665,91.0,0.40476190476190477,0.21428571428571427,0,0.00963718820861678,0.21428571428571427,4.904761904761905,206.0,4,68,3.0294117647058822,294.8425644889193,A.Rodgers,GB
36,WR,0.0,0.0,0,1.0,48.083333333333336,1731.0,5.0,3.5277777777777777,14,0.1388888888888889,0.7055555555555555,8.083333333333334,291.0,3,32,9.09375,136.08194444444445,J.Reed,GB
46,WR,0.0,0.0,0,1.0,42.32608695652174,1947.0,5.413043478260869,3.4565217391304346,16,0.11767485822306237,0.6385542168674699,0.2391304347826087,11.0,0,1,11.0,132.49187145557656,R.Doubs,GB
39,WR,0.0,0.0,0,1.0,42.8974358974359,1673.0,4.487179487179487,2.5641025641025643,14,0.11505588428665352,0.5714285714285715,2.923076923076923,114.0,2,15,7.6,126.0121630506246,C.Watson,GB
30,WR,0.0,0.0,0,1.0,43.56666666666667,1307.0,5.366666666666666,3.3666666666666667,14,0.17888888888888888,0.6273291925465839,1.0666666666666667,32.0,0,5,6.4,111.62111111111112,A.Lazard,GB
46,RB,0.0,0.0,0,1.0,25.41304347826087,1169.0,4.282608695652174,3.347826086956522,12,0.09310018903591682,0.7817258883248731,61.80434782608695,2843.0,11,577,4.927209705372617,166.76235891925185,A.Jones,GB
18,RB,0.0,0.0,0,1.0,21.22222222222222,382.0,2.5555555555555554,2.1666666666666665,1,0.1419753086419753,0.8478260869565217,78.33333333333333,1410.0,16,319,4.420062695924765,131.079631564689,J.Jacobs,GB
50,RB,0.0,0.0,0,1.0,14.84,742.0,2.16,1.68,2,0.0432,0.7777777777777777,44.22,2211.0,15,558,3.9623655913978495,125.9171311827957,A.Dillon,GB
30,TE,0.0,0.0,0,1.0,37.06666666666667,1112.0,4.133333333333334,3.033333333333333,10,0.1377777777777778,0.7338709677419354,0.5333333333333333,16.0,0,5,3.2,80.43555555555555,T.Kraft,GB
25,TE,0.0,0.0,0,1.0,26.96,674.0,3.84,2.84,4,0.1536,0.7395833333333334,0.0,0.0,0,0,0.0,37.00320000000001,R.Tonyan,GB
20,QB,219.5,4390.0,30,0.6528331380247325,0.0,0.0,0.0,0.0,0,0.0,0.0,51.3,1026.0,7,183,5.60655737704918,193.6514461343457,J.Daniels,WAS
25,QB,211.12,5278.0,32,0.7135519337141677,-0.08,-2.0,0.04,0.04,0,0.0016,0.04,16.36,409.0,2,88,4.6477272727272725,166.50697388259618,T.Heinicke,WAS
71,WR,0.0,0.0,0,1.0,64.35211267605634,4569.0,7.352112676056338,4.633802816901408,30,0.10355088276135688,0.6302681992337165,0.6056338028169014,43.0,0,10,4.3,205.30287641341002,T.McLaurin,WAS
38,WR,0.0,0.0,0,1.0,34.10526315789474,1296.0,5.052631578947368,3.473684210526316,8,0.13296398891966757,0.6875000000000001,6.2368421052631575,237.0,2,49,4.836734693877551,83.97360789191022,C.Samuel,WAS
29,WR,0.0,0.0,0,1.0,35.89655172413793,1041.0,4.9655172413793105,2.896551724137931,11,0.17122473246135553,0.5833333333333334,-0.2413793103448276,-7.0,0,2,-3.5,72.90796670630202,J.Dotson,WAS
47,WR,0.0851063829787234,4.0,0,0.4623015999685455,21.5531914893617,1013.0,2.5531914893617023,1.553191489361702,5,0.05432322317790856,0.6083333333333333,0.7872340425531915,37.0,0,6,6.166666666666667,49.30244258788525,D.Brown,WAS
44,RB,0.0,0.0,0,1.0,13.840909090909092,609.0,1.9318181818181819,1.5681818181818181,5,0.04390495867768595,0.8117647058823528,55.86363636363637,2458.0,17,606,4.0561056105610565,157.17047568393204,B.Robinson,WAS
47,RB,0.0,0.0,0,1.0,22.04255319148936,1036.0,3.595744680851064,2.893617021276596,7,0.07650520597555455,0.8047337278106509,39.319148936170215,1848.0,11,472,3.9152542372881354,132.11968909929334,A.Gibson,WAS
15,RB,0.0,0.0,0,1.0,30.0,450.0,3.7333333333333334,3.1333333333333333,0,0.24888888888888888,0.8392857142857143,30.4,456.0,4,99,4.606060606060606,49.74989898989899,A.Ekeler,WAS
34,TE,0.0,0.0,0,1.0,29.852941176470587,1015.0,4.823529411764706,3.2941176470588234,8,0.14186851211072662,0.6829268292682927,0.058823529411764705,2.0,0,1,2.0,65.27491349480968,L.Thomas,WAS
20,TE,0.0,0.0,0,1.0,40.45,809.0,5.8,4.2,8,0.29,0.7241379310344828,0.0,0.0,0,0,0.0,62.625,Z.Ertz,WAS
39,QB,207.84615384615384,8106.0,41,0.6679328226334412,0.0,0.0,0.02564102564102564,0.0,0,0.0006574621959237343,0.0,11.64102564102564,454.0,10,109,4.165137614678899,248.48886709803276,R.Tannehill,TEN
21,QB,185.66666666666666,3899.0,21,0.561471689532326,0.0,0.0,0.0,0.0,0,0.0,0.0,11.428571428571429,240.0,1,70,3.4285714285714284,111.04138356198992,W.Levis,TEN
57,WR,0.0,0.0,0,1.0,30.526315789473685,1740.0,3.736842105263158,2.1578947368421053,19,0.06555863342566944,0.5774647887323944,0.0,0.0,0,0,0.0,127.1837488457987,N.Westbrook-Ikhine,TEN
23,WR,0.0,0.0,0,1.0,53.47826086956522,1230.0,6.869565217391305,3.9130434782608696,8,0.29867674858223064,0.569620253164557,0.391304347826087,9.0,0,2,4.5,72.98431001890359,D.Hopkins,TEN
14,WR,0.0,0.0,0,1.0,72.21428571428571,1011.0,8.142857142857142,4.857142857142857,6,0.5816326530612245,0.5964912280701754,0.7142857142857143,10.0,0,2,5.0,64.45612244897958,A.Brown,TEN
17,WR,0.0,0.0,0,1.0,59.8235294117647,1017.0,7.0588235294117645,3.764705882352941,4,0.41522491349480967,0.5333333333333333,3.235294117647059,55.0,1,8,6.875,60.8863321799308,C.Ridley,TEN
42,RB,0.5476190476190477,23.0,4,-0.34029117361731887,18.238095238095237,766.0,2.3095238095238093,1.880952380952381,0,0.05498866213151927,0.8144329896907218,88.19047619047619,3704.0,36,868,4.267281105990784,247.90638970483332,D.Henry,TEN
29,RB,0.0,0.0,0,1.0,21.0,609.0,3.6206896551724137,2.8275862068965516,2,0.1248513674197384,0.780952380952381,26.379310344827587,765.0,6,184,4.157608695652174,71.30285116062659,T.Spears,TEN
19,RB,0.0,0.0,0,1.0,14.578947368421053,277.0,2.8947368421052633,2.263157894736842,4,0.15235457063711913,0.7818181818181817,26.05263157894737,495.0,2,78,6.346153846153846,63.06017472831877,D.Hilliard,TEN
48,TE,0.0,0.0,0,1.0,30.354166666666668,1457.0,4.020833333333333,2.875,6,0.0837673611111111,0.7150259067357514,0.5208333333333334,25.0,0,6,4.166666666666667,57.58836805555556,C.Okonkwo,TEN
17,TE,0.0,0.0,0,1.0,26.11764705882353,444.0,3.5294117647058822,2.411764705882353,2,0.20761245674740483,0.6833333333333333,0.0,0.0,0,0,0.0,25.02698961937716,A.Hooper,TEN
54,QB,244.09259259259258,13181.0,78,0.7190223420849549,-0.037037037037037035,-2.0,0.018518518518518517,0.018518518518518517,0,0.0003429355281207133,0.018518518518518517,15.981481481481481,863.0,5,171,5.046783625730995,370.64262469151595,G.Smith,SEA
14,QB,222.35714285714286,3113.0,25,0.7387833300711559,0.0,0.0,0.0,0.0,0,0.0,0.0,13.071428571428571,183.0,2,43,4.255813953488372,138.10088977911687,R.Wilson,SEA
66,WR,0.0,0.0,0,1.0,64.5,4257.0,7.7272727272727275,4.651515151515151,33,0.11707988980716254,0.6019607843137255,0.09090909090909091,6.0,0,1,6.0,226.6932506887052,D.Metcalf,SEA
67,WR,0.0,0.0,0,1.0,55.83582089552239,3741.0,6.388059701492537,4.343283582089552,24,0.09534417464914234,0.6799065420560748,0.13432835820895522,9.0,0,2,4.5,168.78770327467143,T.Lockett,SEA
34,WR,1.0294117647058822,35.0,0,-1.9577292220229787,51.705882352941174,1758.0,6.764705882352941,4.794117647058823,10,0.19896193771626297,0.7086956521739131,0.7647058823529411,26.0,0,5,5.2,56.5088669493204,J.Smith-Njigba,SEA
16,WR,0.0,0.0,0,1.0,21.4375,343.0,2.5,1.5625,4,0.15625,0.625,2.0,32.0,0,5,6.4,49.45625,F.Swain,SEA
42,RB,0.0,0.0,0,1.0,17.285714285714285,726.0,3.0,2.4523809523809526,2,0.07142857142857142,0.8174603174603176,61.69047619047619,2591.0,25,615,4.213008130081301,188.4664924506388,K.Walker,SEA
33,RB,0.0,0.0,0,1.0,15.666666666666666,517.0,2.787878787878788,2.272727272727273,1,0.08448117539026631,0.8152173913043479,31.242424242424242,1031.0,9,243,4.242798353909465,83.34546814950855,Z.Charbonnet,SEA
15,RB,0.0,0.0,0,1.0,4.266666666666667,64.0,0.8666666666666667,0.6666666666666666,0,0.05777777777777778,0.6666666666666666,73.0,1095.0,8,176,6.221590909090909,78.28540404040405,R.Penny,SEA
15,TE,0.0,0.0,0,1.0,31.866666666666667,478.0,4.2,3.2,4,0.28,0.7619047619047619,1.3333333333333333,20.0,0,3,6.666666666666667,51.21333333333333,G.Everett,SEA
46,TE,0.0,0.0,0,1.0,30.67391304347826,1411.0,3.739130434782609,2.847826086956522,5,0.08128544423440454,0.7616279069767442,0.0,0.0,0,0,0.0,43.229962192816636,N.Fant,SEA
36,QB,244.75,8811.0,47,0.6551393495636224,0.0,0.0,0.05555555555555555,0.027777777777777776,0,0.0015432098765432098,0.027777777777777776,13.444444444444445,484.0,3,107,4.5233644859813085,232.73565333179636,C.Stroud,HOU
38,QB,162.44736842105263,6173.0,35,0.3633364968148747,0.0,0.0,0.0,0.0,0,0.0,0.0,4.421052631578948,168.0,2,58,2.896551724137931,168.36646841642462,D.Mills,HOU
55,WR,0.0,0.0,0,1.0,65.4,3597.0,6.672727272727273,4.381818181818182,20,0.12132231404958678,0.6566757493188011,0.2,11.0,0,2,5.5,147.8026446280992,N.Collins,HOU
24,WR,0.0,0.0,0,1.0,57.333333333333336,1376.0,6.5,4.083333333333333,10,0.2708333333333333,0.6282051282051282,3.9166666666666665,94.0,0,20,4.7,86.06666666666668,T.Dell,HOU
29,WR,0.0,0.0,0,1.0,59.86206896551724,1736.0,7.827586206896552,5.068965517241379,9,0.2699167657550535,0.6475770925110131,0.9655172413793104,28.0,0,4,7.0,84.62259215219976,B.Cooks,HOU
23,WR,0.0,0.0,0,1.0,33.69565217391305,775.0,4.173913043478261,3.0,4,0.18147448015122872,0.71875,0.13043478260869565,3.0,0,3,1.0,39.74555765595463,C.Moore,HOU
16,RB,0.0,0.0,0,1.0,20.875,334.0,3.5625,2.4375,1,0.22265625,0.6842105263157895,75.625,1210.0,13,288,4.201388888888889,112.49809027777778,J.Mixon,HOU
38,RB,0.0,0.0,0,1.0,7.052631578947368,268.0,1.605263157894737,1.1842105263157894,1,0.0422437673130194,0.7377049180327868,44.026315789473685,1673.0,8,414,4.041062801932367,77.27450787533289,D.Pierce,HOU
19,RB,0.3157894736842105,6.0,1,-0.046135746449761816,12.894736842105264,245.0,2.473684210526316,2.0,0,0.13019390581717452,0.8085106382978723,51.89473684210526,986.0,5,238,4.142857142857143,48.57632358021944,D.Singletary,HOU
36,TE,0.0,0.0,0,1.0,37.02777777777778,1333.0,5.277777777777778,3.4444444444444446,8,0.14660493827160492,0.6526315789473685,0.0,0.0,0,0,0.0,61.995987654320984,D.Schultz,HOU
27,TE,0.0,0.0,0,1.0,26.25925925925926,709.0,3.2222222222222223,2.259259259259259,5,0.11934156378600823,0.7011494252873562,0.1111111111111111,3.0,0,1,3.0,48.875720164609056,J.Akins,HOU
13,QB,170.69230769230768,2219.0,15,0.7515535233577867,0.0,0.0,0.0,0.0,0,0.0,0.0,33.69230769230769,438.0,4,85,5.152941176470589,112.01834066344212,M.Mariota,ATL
19,QB,186.52631578947367,3544.0,14,0.4913088889116276,-0.3157894736842105,-6.0,0.05263157894736842,0.05263157894736842,0,0.002770083102493075,0.05263157894736842,13.526315789473685,257.0,5,69,3.7246376811594204,107.15000968079801,D.Ridder,ATL
50,WR,0.44,22.0,0,-1.1606040536255615,60.84,3042.0,7.7,4.82,15,0.154,0.625974025974026,-0.06,-3.0,0,1,-3.0,78.79755946374439,D.London,ATL
31,WR,0.0,0.0,0,1.0,30.29032258064516,939.0,3.6774193548387095,2.2903225806451615,6,0.1186264308012487,0.6228070175438597,0.2903225806451613,9.0,0,3,3.0,55.295317377731536,O.Zaccheaus,ATL
16,WR,0.0,0.0,0,1.0,62.0,992.0,6.625,4.0,5,0.4140625,0.6037735849056604,0.0,0.0,0,0,0.0,47.028125,D.Mooney,ATL
13,WR,0.0,0.0,0,1.0,59.23076923076923,770.0,7.230769230769231,5.076923076923077,4,0.5562130177514792,0.702127659574468,0.0,0.0,0,0,0.0,41.03550295857988,R.Gage,ATL
34,RB,0.0,0.0,0,1.0,27.0,918.0,4.647058823529412,3.5,5,0.13667820069204153,0.7531645569620252,71.52941176470588,2432.0,18,518,4.694980694980695,167.51625896781607,B.Robinson,ATL
41,RB,0.0,0.0,0,1.0,17.26829268292683,708.0,2.731707317073171,2.0,6,0.06662700773349198,0.7321428571428571,36.4390243902439,1494.0,14,347,4.305475504322766,144.1149367314296,C.Patterson,ATL
50,RB,0.0,0.0,0,1.0,8.4,420.0,1.06,0.94,2,0.0212,0.8867924528301886,47.24,2362.0,10,533,4.431519699812383,96.46943939962478,T.Allgeier,ATL
61,TE,0.0,0.0,0,1.0,43.459016393442624,2651.0,5.459016393442623,3.2131147540983607,10,0.08949207202364955,0.5885885885885886,-0.06557377049180328,-4.0,0,1,-4.0,66.51832840634239,K.Pitts,ATL
15,TE,0.0,0.0,0,1.0,38.8,582.0,4.666666666666667,3.3333333333333335,3,0.3111111111111111,0.7142857142857143,0.0,0.0,0,1,0.0,32.50222222222222,J.Smith,ATL
34,QB,185.08823529411765,6293.0,23,0.5674312762166159,0.058823529411764705,2.0,0.058823529411764705,0.029411764705882353,1,0.0017301038062283738,0.029411764705882353,14.647058823529411,498.0,5,93,5.354838709677419,153.2615680361923,Z.Wilson,NYJ
18,QB,216.5,3897.0,28,0.6332190021001011,0.0,0.0,0.0,0.0,0,0.0,0.0,5.944444444444445,107.0,0,22,4.863636363636363,137.31390719271818,A.Rodgers,NYJ
51,WR,0.0,0.0,0,1.0,63.705882352941174,3249.0,9.176470588235293,5.470588235294118,14,0.17993079584775085,0.5961538461538463,0.17647058823529413,9.0,0,10,0.9,102.54809688581315,G.Wilson,NYJ
25,WR,0.0,0.0,0,1.0,39.36,984.0,5.68,3.2,6,0.22719999999999999,0.5633802816901409,2.36,59.0,1,10,5.9,68.4264,E.Moore,NYJ
30,WR,0.06666666666666667,2.0,1,0.6576734015592712,19.2,576.0,3.2333333333333334,2.1333333333333333,2,0.10777777777777778,0.6597938144329897,4.366666666666666,131.0,4,16,8.1875,65.5266229044816,B.Berrios,NYJ
11,WR,0.0,0.0,0,1.0,77.63636363636364,854.0,10.363636363636363,6.090909090909091,7,0.9421487603305785,0.5877192982456141,0.0,0.0,0,0,0.0,61.64793388429752,D.Adams,NYJ
40,RB,0.0,0.0,0,1.0,32.3,1292.0,5.05,3.8,8,0.12625,0.7524752475247525,58.325,2333.0,14,512,4.556640625,160.42828125,B.Hall,NYJ
39,RB,0.0,0.0,0,1.0,17.46153846153846,681.0,3.3076923076923075,2.358974358974359,0,0.08481262327416172,0.7131782945736435,27.666666666666668,1079.0,7,269,4.011152416356877,64.70475059208259,M.Carter,NYJ
25,RB,0.0,0.0,0,1.0,18.4,460.0,3.16,1.84,2,0.1264,0.5822784810126582,15.92,398.0,3,91,4.373626373626373,52.43205274725275,T.Johnson,NYJ
50,TE,0.0,0.0,0,1.0,32.44,1622.0,4.92,3.4,7,0.0984,0.6910569105691057,0.06,3.0,0,4,0.75,56.9468,T.Conklin,NYJ
19,TE,0.0,0.0,0,1.0,15.263157894736842,290.0,2.0526315789473686,1.5263157894736843,3,0.10803324099722993,0.7435897435897436,0.0,0.0,0,0,0.0,29.742382271468145,C.Uzomah,NYJ
64,QB,262.3125,16788.0,110,0.7761131984328182,0.0,0.0,0.015625,0.0,0,0.000244140625,0.0,3.1875,204.0,3,118,1.728813559322034,480.03049738422226,M.Stafford,LA
5,QB,170.0,850.0,4,0.6710818726446899,0.0,0.0,0.0,0.0,0,0.0,0.0,7.4,37.0,0,15,2.466666666666667,17.592076029890116,B.Mayfield,LA
57,WR,0.0,0.0,0,1.0,84.2280701754386,4801.0,9.526315789473685,6.842105263157895,39,0.16712834718374886,0.718232044198895,1.4385964912280702,82.0,1,18,4.555555555555555,268.0120344721453,C.Kupp,LA
28,WR,0.0,0.0,0,1.0,36.32142857142857,1017.0,4.214285714285714,2.2857142857142856,11,0.15051020408163265,0.5423728813559322,0.8214285714285714,23.0,0,1,23.0,126.01530612244898,D.Robinson,LA
31,WR,0.0,0.0,0,1.0,90.25806451612904,2798.0,9.64516129032258,6.580645161290323,10,0.31113423517169614,0.6822742474916389,4.516129032258065,140.0,1,25,5.6,97.2996878251821,P.Nacua,LA
35,WR,0.0,0.0,0,1.0,39.457142857142856,1381.0,4.714285714285714,2.6,9,0.1346938775510204,0.5515151515151515,1.1142857142857143,39.0,0,4,9.75,87.8265306122449,V.Jefferson,LA
39,RB,0.0,0.0,0,1.0,12.512820512820513,488.0,2.717948717948718,2.051282051282051,6,0.06969099276791585,0.7547169811320754,72.43589743589743,2825.0,26,627,4.505582137161085,219.6454180547298,K.Williams,LA
27,RB,0.0,0.0,0,1.0,15.703703703703704,424.0,3.0,2.185185185185185,3,0.1111111111111111,0.7283950617283951,40.370370370370374,1090.0,10,269,4.052044609665428,101.9337188489605,D.Henderson,LA
21,RB,0.0,0.0,0,1.0,9.666666666666666,203.0,1.4761904761904763,1.1428571428571428,0,0.07029478458049887,0.7741935483870966,47.142857142857146,990.0,8,282,3.5106382978723403,70.84281854585805,C.Akers,LA
55,TE,0.0,0.0,0,1.0,35.78181818181818,1968.0,5.545454545454546,3.8,13,0.10082644628099174,0.6852459016393442,0.0,0.0,0,0,0.0,91.7798347107438,T.Higbee,LA
17,TE,0.0,0.0,0,1.0,18.58823529411765,316.0,3.1176470588235294,2.0,2,0.18339100346020762,0.6415094339622641,0.0,0.0,0,0,0.0,24.225605536332182,C.Parkinson,LA
33,QB,261.6969696969697,8636.0,48,0.7237861988633818,0.0,0.0,0.0,0.0,0,0.0,0.0,6.96969696969697,230.0,0,65,3.5384615384615383,217.47963355040537,D.Carr,LV
20,QB,191.5,3830.0,20,0.5524859837130934,0.0,0.0,0.0,0.0,0,0.0,0.0,2.05,41.0,2,38,1.0789473684210527,107.54775457397304,A.O'Connell,LV
37,WR,0.0,0.0,0,1.0,77.54054054054055,2869.0,10.324324324324325,5.972972972972973,23,0.27903579254930605,0.5785340314136125,-0.02702702702702703,-1.0,0,3,-0.3333333333333333,155.64275626978332,D.Adams,LV
31,WR,0.3870967741935484,12.0,1,-0.5537947059060526,59.16129032258065,1834.0,7.580645161290323,5.096774193548387,12,0.2445369406867846,0.6723404255319149,1.5161290322580645,47.0,2,6,7.833333333333333,104.70101929543134,J.Meyers,LV
41,WR,0.0,0.0,0,1.0,41.0,1681.0,5.512195121951219,4.195121951219512,11,0.13444378346222485,0.7610619469026549,0.07317073170731707,3.0,0,3,1.0,82.37620464009517,H.Renfrow,LV
30,WR,0.0,0.0,0,1.0,29.0,870.0,3.8333333333333335,2.2,5,0.1277777777777778,0.5739130434782609,4.033333333333333,121.0,1,19,6.368421052631579,62.295730994152045,T.Tucker,LV
46,RB,0.0,0.0,0,1.0,23.652173913043477,1088.0,4.065217391304348,3.217391304347826,0,0.0883742911153119,0.7914438502673797,74.19565217391305,3413.0,27,803,4.250311332503113,190.4621538559325,J.Jacobs,LV
14,RB,0.0,0.0,0,1.0,21.0,294.0,3.4285714285714284,2.5714285714285716,1,0.24489795918367346,0.7500000000000001,30.0,420.0,4,132,3.1818181818181817,51.9534322820037,A.Mattison,LV
12,RB,0.0,0.0,0,1.0,24.25,291.0,3.3333333333333335,2.5,1,0.2777777777777778,0.75,21.166666666666668,254.0,2,63,4.031746031746032,41.160714285714285,K.Drake,LV
17,TE,0.0,0.0,0,1.0,70.23529411764706,1194.0,9.0,6.588235294117647,5,0.5294117647058824,0.7320261437908496,0.7647058823529411,13.0,0,5,2.6,53.35882352941177,B.Bowers,LV
20,TE,0.0,0.0,0,1.0,56.45,1129.0,7.4,4.5,5,0.37,0.6081081081081081,0.0,0.0,0,0,0.0,46.385000000000005,D.Waller,LV
79,QB,274.55696202531647,21690.0,160,0.7502686882372461,0.10126582278481013,8.0,0.02531645569620253,0.02531645569620253,0,0.0003204614645088928,0.02531645569620253,23.227848101265824,1835.0,11,330,5.5606060606060606,737.9397297999315,P.Mahomes,KC
20,WR,0.0,0.0,0,1.0,76.2,1524.0,9.35,6.7,12,0.46749999999999997,0.716577540106952,4.7,94.0,0,10,9.4,109.825,T.Hill,KC
44,WR,0.0,0.0,0,1.0,31.613636363636363,1391.0,3.8863636363636362,2.840909090909091,8,0.08832644628099173,0.7309941520467836,4.5227272727272725,199.0,4,28,7.107142857142857,100.00457497048406,M.Hardman,KC
19,WR,0.0,0.0,0,1.0,48.68421052631579,925.0,6.2631578947368425,4.105263157894737,9,0.3296398891966759,0.6554621848739496,5.894736842105263,112.0,3,23,4.869565217391305,97.85630495001807,X.Worthy,KC
23,WR,0.0,0.0,0,1.0,64.69565217391305,1488.0,7.130434782608695,5.608695652173913,10,0.3100189035916824,0.7865853658536586,0.13043478260869565,3.0,0,4,0.75,78.60264650283554,R.Rice,KC
48,RB,0.0,0.0,0,1.0,12.395833333333334,595.0,2.1458333333333335,1.875,2,0.04470486111111111,0.8737864077669902,54.625,2622.0,17,589,4.451612903225806,139.69471886200716,I.Pacheco,KC
43,RB,0.09302325581395349,4.0,1,0.4419201255913191,23.790697674418606,1023.0,3.4651162790697674,2.6744186046511627,15,0.0805840995132504,0.7718120805369127,14.488372093023257,623.0,2,158,3.9430379746835444,122.29807331128353,J.McKinnon,KC
41,RB,0.0,0.0,0,1.0,11.902439024390244,488.0,1.853658536585366,1.4390243902439024,6,0.045211183819155266,0.7763157894736842,29.048780487804876,1191.0,8,284,4.193661971830986,106.57286826251979,C.Edwards-Helaire,KC
77,TE,0.025974025974025976,2.0,1,0.7778490028508324,69.55844155844156,5356.0,8.480519480519481,6.324675324675325,40,0.11013661663012313,0.7457886676875957,0.18181818181818182,14.0,1,6,2.3333333333333335,269.6404948635002,T.Kelce,KC
67,TE,0.0,0.0,0,1.0,18.044776119402986,1209.0,2.343283582089552,1.791044776119403,9,0.03497438182223212,0.7643312101910829,-0.029850746268656716,-2.0,1,4,-0.5,70.8714413009579,N.Gray,KC
61,QB,226.672131147541,13827.0,105,0.6782076036532403,0.21311475409836064,13.0,0.01639344262295082,0.01639344262295082,0,0.0002687449610319807,0.01639344262295082,58.049180327868854,3541.0,16,572,6.190559440559441,550.0568471616717,L.Jackson,BAL
18,QB,120.44444444444444,2168.0,10,0.2737272647667165,0.0,0.0,0.0,0.0,0,0.0,0.0,30.0,540.0,3,114,4.7368421052631575,78.02873463597126,T.Huntley,BAL
53,WR,0.0,0.0,0,1.0,38.75471698113208,2054.0,4.471698113207547,2.792452830188679,15,0.08437166251334995,0.6244725738396624,0.33962264150943394,18.0,0,1,18.0,140.07817728729083,R.Bateman,BAL
35,WR,0.0,0.0,0,1.0,59.22857142857143,2073.0,6.771428571428571,4.571428571428571,10,0.19346938775510203,0.6751054852320675,3.3142857142857145,116.0,1,19,6.105263157894737,94.8517508055854,Z.Flowers,BAL
16,WR,0.0,0.0,0,1.0,63.0,1008.0,9.125,5.6875,6,0.5703125,0.6232876712328768,0.3125,5.0,0,1,5.0,63.471875,M.Brown,BAL
35,WR,0.0,0.0,0,1.0,19.914285714285715,697.0,3.0,2.1142857142857143,5,0.08571428571428572,0.7047619047619048,4.257142857142857,149.0,1,23,6.478260869565218,61.545093167701864,D.Duvernay,BAL
19,RB,0.0,0.0,0,1.0,10.157894736842104,193.0,1.263157894736842,1.0,2,0.06648199445983378,0.7916666666666667,115.3157894736842,2191.0,19,367,5.970027247956403,160.6203869058851,D.Henry,BAL
29,RB,0.0,0.0,0,1.0,7.172413793103448,208.0,0.6551724137931034,0.5172413793103449,0,0.022592152199762187,0.5172413793103449,46.275862068965516,1342.0,16,310,4.329032258064516,120.04807640673545,G.Edwards,BAL
16,RB,0.0,0.0,0,1.0,11.875,190.0,2.625,2.125,1,0.1640625,0.8095238095238095,36.0,576.0,5,133,4.330827067669173,59.77727913533835,D.Freeman,BAL
63,TE,0.0,0.0,0,1.0,57.15873015873016,3601.0,6.634920634920635,4.666666666666667,31,0.1053162005542958,0.7033492822966507,0.3333333333333333,21.0,0,14,1.5,204.95983875031496,M.Andrews,BAL
46,TE,0.0,0.0,0,1.0,31.23913043478261,1437.0,3.760869565217391,2.5869565217391304,16,0.08175803402646502,0.6878612716763006,0.0,0.0,0,0,0.0,109.2874291115312,I.Likely,BAL
66,QB,261.6969696969697,17272.0,108,0.7293462379809021,0.0,0.0,0.045454545454545456,0.045454545454545456,0,0.0006887052341597796,0.045454545454545456,15.075757575757576,995.0,8,241,4.128630705394191,507.5275557465202,J.Herbert,LAC
5,QB,225.8,1129.0,3,0.8545842277405242,0.0,0.0,0.0,0.0,0,0.0,0.0,28.8,144.0,1,27,5.333333333333333,24.562254472035953,E.Stick,LAC
32,WR,0.0,0.0,0,1.0,71.5625,2290.0,7.75,4.9375,14,0.2421875,0.6370967741935484,0.09375,3.0,0,1,3.0,107.65,M.Williams,LAC
40,WR,1.225,49.0,1,-2.4820585471516985,79.85,3194.0,10.225,7.15,17,0.255625,0.6992665036674818,0.35,14.0,0,3,4.666666666666667,99.09299786181634,K.Allen,LAC
57,WR,0.0,0.0,0,1.0,40.666666666666664,2318.0,5.052631578947368,3.2280701754385963,10,0.0886426592797784,0.6388888888888888,0.2807017543859649,16.0,0,3,5.333333333333333,84.93868882733149,J.Palmer,LAC
33,WR,0.0,0.0,0,1.0,34.60606060606061,1142.0,4.9393939393939394,2.8181818181818183,10,0.14967860422405876,0.5705521472392638,0.45454545454545453,15.0,0,6,2.5,78.80541781450873,Q.Johnston,LAC
48,RB,0.0,0.0,0,1.0,37.770833333333336,1813.0,6.229166666666667,4.791666666666667,14,0.12977430555555555,0.7692307692307693,51.854166666666664,2489.0,32,602,4.134551495016611,303.49115160114434,A.Ekeler,LAC
14,RB,0.0,0.0,0,1.0,10.928571428571429,153.0,2.7857142857142856,2.2857142857142856,0,0.1989795918367347,0.8205128205128205,66.5,931.0,9,204,4.563725490196078,81.26826730692277,J.Dobbins,LAC
12,RB,0.0,0.0,0,1.0,0.5,6.0,0.4166666666666667,0.25,0,0.034722222222222224,0.25,32.25,387.0,4,108,3.5833333333333335,44.51111111111111,G.Edwards,LAC
31,TE,0.0,0.0,0,1.0,34.67741935483871,1075.0,5.32258064516129,3.7096774193548385,8,0.17169614984391257,0.696969696969697,0.3225806451612903,10.0,0,4,2.5,66.84339229968782,G.Everett,LAC
32,TE,0.0,0.0,0,1.0,19.625,628.0,2.65625,1.90625,8,0.0830078125,0.7176470588235294,0.0,0.0,0,0,0.0,60.128515625,D.Parham,LAC
43,QB,212.7906976744186,9150.0,48,0.6470850252748366,0.0,0.0,0.0,0.0,0,0.0,0.0,8.023255813953488,345.0,1,119,2.899159663865546,219.58312306885153,M.Jones,NE
13,QB,175.07692307692307,2276.0,15,0.4270694561810555,0.0,0.0,0.0,0.0,0,0.0,0.0,32.38461538461539,421.0,2,54,7.796296296296297,102.1048256159416,D.Maye,NE
54,WR,0.46296296296296297,25.0,1,-1.325464945680232,37.44444444444444,2022.0,4.055555555555555,3.0,13,0.0751028806584362,0.7397260273972603,3.4814814814814814,188.0,0,21,8.952380952380953,90.91142932038755,K.Bourne,NE
25,WR,0.0,0.0,0,1.0,15.4,385.0,3.04,1.56,2,0.1216,0.5131578947368421,2.68,67.0,1,6,11.166666666666666,52.38453333333334,T.Thornton,NE
29,WR,0.0,0.0,0,1.0,29.413793103448278,853.0,4.103448275862069,2.3793103448275863,5,0.14149821640903687,0.5798319327731092,0.3793103448275862,11.0,0,3,3.6666666666666665,50.595640110979,N.Agholor,NE
31,WR,1.4516129032258065,45.0,0,-2.2967025832546186,55.16129032258065,1710.0,7.451612903225806,5.032258064516129,8,0.24037460978147762,0.6753246753246753,0.5806451612903226,18.0,0,3,6.0,43.145981451532904,J.Meyers,NE
57,RB,0.0,0.0,0,1.0,17.24561403508772,983.0,3.543859649122807,2.7719298245614037,2,0.06217297630040012,0.7821782178217822,54.26315789473684,3093.0,21,714,4.331932773109243,163.93908869180174,R.Stevenson,NE
27,RB,0.0,0.0,0,1.0,8.74074074074074,236.0,1.6666666666666667,1.3333333333333333,0,0.0617283950617284,0.7999999999999999,52.629629629629626,1421.0,18,317,4.482649842271293,133.22579351170307,D.Harris,NE
17,RB,0.0,0.0,0,1.0,18.41176470588235,313.0,3.823529411764706,3.0,2,0.22491349480968859,0.7846153846153846,37.76470588235294,642.0,3,184,3.489130434782609,53.04573491800812,E.Elliott,NE
62,TE,0.0,0.0,0,1.0,36.04838709677419,2235.0,4.774193548387097,3.225806451612903,19,0.07700312174817898,0.6756756756756757,0.0,0.0,0,0,0.0,127.75884495317378,H.Henry,NE
17,TE,0.0,0.0,0,1.0,28.0,476.0,3.4705882352941178,2.6470588235294117,3,0.20415224913494812,0.7627118644067796,0.0,0.0,0,0,0.0,31.208304498269896,A.Hooper,NE
75,QB,253.4,19005.0,148,0.7111212241013891,0.0,0.0,0.0,0.0,0,0.0,0.0,40.14666666666667,3011.0,46,537,5.60707635009311,900.4760316078667,J.Allen,BUF
56,WR,0.0,0.0,0,1.0,73.67857142857143,4126.0,9.357142857142858,6.160714285714286,29,0.16709183673469388,0.6583969465648855,0.16071428571428573,9.0,0,3,3.0,197.71811224489795,S.Diggs,BUF
50,WR,0.0,0.0,0,1.0,50.4,2520.0,5.26,2.92,26,0.1052,0.5551330798479087,-0.04,-2.0,0,1,-2.0,167.2464,G.Davis,BUF
48,WR,0.0,0.0,0,1.0,40.270833333333336,1933.0,4.25,3.2916666666666665,9,0.08854166666666667,0.7745098039215685,0.2916666666666667,14.0,0,3,4.666666666666667,77.56666666666668,K.Shakir,BUF
16,WR,0.0,0.0,0,1.0,42.375,678.0,4.75,2.8125,5,0.296875,0.5921052631578947,1.9375,31.0,0,2,15.5,76.025,E.Sanders,BUF
56,RB,0.0,0.0,0,1.0,17.375,973.0,2.482142857142857,1.9821428571428572,7,0.04432397959183674,0.7985611510791367,55.392857142857146,3102.0,24,639,4.854460093896714,213.07435386126284,J.Cook,BUF
37,RB,0.0,0.0,0,1.0,15.756756756756756,583.0,3.2162162162162162,2.4324324324324325,2,0.08692476260043827,0.7563025210084033,50.513513513513516,1869.0,15,407,4.592137592137592,127.98515173650308,D.Singletary,BUF
19,RB,0.0,0.0,0,1.0,9.947368421052632,189.0,1.0,0.8947368421052632,3,0.05263157894736842,0.8947368421052632,25.157894736842106,478.0,4,120,3.9833333333333334,63.58245614035088,R.Davis,BUF
63,TE,0.0,0.0,0,1.0,29.238095238095237,1842.0,3.7301587301587302,2.5714285714285716,22,0.059208868732678256,0.6893617021276596,0.0,0.0,0,0,0.0,145.0422272612749,D.Knox,BUF
34,TE,0.0,0.0,0,1.0,38.11764705882353,1296.0,5.470588235294118,3.8529411764705883,5,0.16089965397923875,0.7043010752688172,0.0,0.0,0,0,0.0,44.13356401384083,D.Kincaid,BUF
51,QB,234.15686274509804,11942.0,69,0.7155648335825416,0.0,0.0,0.0,0.0,0,0.0,0.0,32.6078431372549,1663.0,16,279,5.960573476702509,403.7038541127598,K.Murray,ARI
8,QB,196.125,1569.0,8,0.7652094038485854,0.0,0.0,0.0,0.0,0,0.0,0.0,32.25,258.0,3,47,5.48936170212766,63.76065395419295,J.Dobbs,ARI
19,WR,0.0,0.0,0,1.0,67.84210526315789,1289.0,8.421052631578947,5.578947368421052,11,0.44321329639889195,0.6625,0.0,0.0,0,0,0.0,83.67063711911358,D.Hopkins,ARI
25,WR,0.0,0.0,0,1.0,51.32,1283.0,8.32,4.72,7,0.3328,0.5673076923076923,0.96,24.0,0,3,8.0,73.89359999999999,M.Brown,ARI
29,WR,0.0,0.0,0,1.0,38.37931034482759,1113.0,4.448275862068965,2.9310344827586206,7,0.15338882282996433,0.6589147286821705,0.2413793103448276,7.0,0,1,7.0,70.16884661117717,M.Wilson,ARI
39,WR,0.0,0.0,0,1.0,28.307692307692307,1104.0,4.051282051282051,2.9743589743589745,7,0.10387902695595003,0.7341772151898734,2.6666666666666665,104.0,0,14,7.428571428571429,70.16233680849065,G.Dortch,ARI
58,RB,0.0,0.0,0,1.0,21.70689655172414,1259.0,3.2241379310344827,2.7241379310344827,7,0.05558858501783591,0.8449197860962567,63.56896551724138,3687.0,38,833,4.426170468187275,297.4911043133068,J.Conner,ARI
13,RB,0.0,0.0,0,1.0,23.923076923076923,311.0,4.153846153846154,3.3076923076923075,0,0.31952662721893493,0.7962962962962962,47.69230769230769,620.0,2,124,5.0,39.80059171597633,C.Edmonds,ARI
9,RB,0.0,0.0,0,1.0,10.0,90.0,2.4444444444444446,2.2222222222222223,1,0.271604938271605,0.9090909090909091,31.11111111111111,280.0,1,57,4.912280701754386,32.83099415204679,M.Carter,ARI
29,TE,0.0,0.0,0,1.0,40.96551724137931,1188.0,6.793103448275862,4.586206896551724,8,0.2342449464922711,0.6751269035532995,0.13793103448275862,4.0,0,1,4.0,70.57883472057075,Z.Ertz,ARI
42,TE,0.0,0.0,0,1.0,53.23809523809524,2236.0,6.9523809523809526,5.261904761904762,6,0.1655328798185941,0.7568493150684932,0.047619047619047616,2.0,1,1,2.0,61.65963718820862,T.McBride,ARI
40,QB,166.85,6674.0,40,0.5642891225972151,0.0,0.0,0.0,0.0,0,0.0,0.0,55.5,2220.0,14,356,6.235955056179775,274.33880133833173,J.Fields,CHI
17,QB,208.2941176470588,3541.0,20,0.5910833415964635,0.0,0.0,0.0,0.0,0,0.0,0.0,28.764705882352942,489.0,0,81,6.037037037037037,109.19314278415635,C.Williams,CHI
34,WR,0.0,0.0,0,1.0,68.52941176470588,2330.0,8.117647058823529,5.705882352941177,14,0.23875432525951557,0.7028985507246377,2.823529411764706,96.0,1,18,5.333333333333333,118.27946943483276,D.Moore,CHI
42,WR,0.0,0.0,0,1.0,46.714285714285715,1962.0,6.238095238095238,3.619047619047619,7,0.14852607709750568,0.5801526717557252,0.9285714285714286,39.0,1,9,4.333333333333333,71.72800453514739,D.Mooney,CHI
14,WR,0.0,0.0,0,1.0,17.5,245.0,2.9285714285714284,1.3571428571428572,3,0.20918367346938774,0.46341463414634154,2.642857142857143,37.0,0,2,18.5,67.4326530612245,D.Pettis,CHI
15,WR,0.0,0.0,0,1.0,49.6,744.0,8.066666666666666,4.666666666666667,7,0.5377777777777778,0.578512396694215,0.0,0.0,0,0,0.0,58.035555555555554,K.Allen,CHI
29,RB,0.0,0.0,0,1.0,21.275862068965516,617.0,3.1379310344827585,2.6206896551724137,1,0.10820451843043995,0.8351648351648352,56.89655172413793,1650.0,12,426,3.8732394366197185,103.78012928941067,D.Montgomery,CHI
42,RB,0.0,0.0,0,1.0,6.928571428571429,291.0,1.4523809523809523,1.0714285714285714,2,0.03458049886621315,0.7377049180327869,42.642857142857146,1791.0,9,372,4.814516129032258,90.65533611293979,K.Herbert,CHI
17,RB,0.0,0.0,0,1.0,22.705882352941178,386.0,3.0588235294117645,2.4705882352941178,0,0.17993079584775085,0.8076923076923078,56.411764705882355,959.0,6,253,3.7905138339920947,61.85265396556204,D.Swift,CHI
63,TE,0.0,0.0,0,1.0,37.285714285714285,2349.0,4.873015873015873,3.6507936507936507,17,0.07734945830183924,0.749185667752443,0.1746031746031746,11.0,0,6,1.8333333333333333,119.5673973293021,C.Kmet,CHI
11,TE,0.0,0.0,0,1.0,15.181818181818182,167.0,2.090909090909091,1.2727272727272727,3,0.19008264462809918,0.6086956521739131,0.0,0.0,0,0,0.0,29.898347107438017,J.Graham,CHI
30,QB,176.0,5280.0,26,0.6108208402199644,0.0,0.0,0.0,0.0,0,0.0,0.0,16.733333333333334,502.0,6,82,6.121951219512195,167.06544417455737,B.Young,CAR
18,QB,203.88888888888889,3670.0,16,0.6027953468454765,0.0,0.0,0.0,0.0,0,0.0,0.0,18.22222222222222,328.0,7,74,4.4324324324324325,130.8705961110974,S.Darnold,CAR
48,WR,0.0,0.0,0,1.0,49.916666666666664,2396.0,7.041666666666667,3.9166666666666665,14,0.1467013888888889,0.5562130177514792,2.1041666666666665,101.0,0,19,5.315789473684211,110.12706505847953,D.Moore,CAR
27,WR,0.0,0.0,0,1.0,60.333333333333336,1629.0,7.37037037037037,5.592592592592593,9,0.2729766803840878,0.7587939698492462,0.2222222222222222,6.0,0,1,6.0,82.60150891632372,A.Thielen,CAR
22,WR,0.0,0.0,0,1.0,32.95454545454545,725.0,6.2272727272727275,3.0,6,0.2830578512396694,0.4817518248175182,1.6363636363636365,36.0,0,3,12.0,74.02520661157024,R.Chosen,CAR
15,WR,0.0,0.0,0,1.0,33.13333333333333,497.0,5.6,3.2666666666666666,4,0.3733333333333333,0.5833333333333334,1.6,24.0,0,6,4.0,46.22,X.Legette,CAR
60,RB,0.0,0.0,0,1.0,12.483333333333333,749.0,2.533333333333333,2.0166666666666666,2,0.042222222222222223,0.7960526315789473,52.916666666666664,3175.0,22,755,4.2052980132450335,169.0350404709345,C.Hubbard,CAR
13,RB,0.0,0.0,0,1.0,47.69230769230769,620.0,6.461538461538462,5.384615384615385,2,0.4970414201183432,0.8333333333333334,64.23076923076923,835.0,3,184,4.538043478260869,61.262477489066114,C.McCaffrey,CAR
16,RB,0.0,0.0,0,1.0,1.625,26.0,0.5625,0.3125,0,0.03515625,0.3125,57.125,914.0,5,203,4.502463054187192,54.950238608374384,D.Foreman,CAR
51,TE,0.0,0.0,0,1.0,15.333333333333334,782.0,2.5686274509803924,1.6666666666666667,9,0.050365244136870435,0.648854961832061,0.21568627450980393,11.0,1,3,3.6666666666666665,78.98896578239139,T.Tremble,CAR
15,TE,0.0,0.0,0,1.0,22.8,342.0,2.8666666666666667,2.2,1,0.19111111111111112,0.7674418604651163,0.0,0.0,0,0,0.0,18.662222222222223,J.Sanders,CAR
52,QB,25.423076923076923,1322.0,7,-1.1587649316836877,11.673076923076923,607.0,1.7307692307692308,1.3269230769230769,4,0.03328402366863906,0.7666666666666666,31.307692307692307,1628.0,22,286,5.6923076923076925,189.17853411511578,T.Hill,NO
27,QB,223.07407407407408,6023.0,40,0.6968473305685166,0.0,0.0,0.0,0.0,0,0.0,0.0,4.111111111111111,111.0,1,49,2.2653061224489797,186.83315962465718,D.Carr,NO
32,WR,0.0,0.0,0,1.0,48.625,1556.0,4.6875,2.9375,10,0.146484375,0.6266666666666667,3.84375,123.0,1,17,7.235294117647059,96.01043198529412,R.Shaheed,NO
39,WR,0.0,0.0,0,1.0,65.76923076923077,2565.0,7.717948717948718,4.897435897435898,10,0.19789612097304404,0.6345514950166113,0.1794871794871795,7.0,0,1,7.0,90.99066403681788,C.Olave,NO
27,WR,0.0,0.0,0,1.0,31.703703703703702,856.0,4.296296296296297,2.2962962962962963,7,0.15912208504801098,0.5344827586206896,0.0,0.0,0,0,0.0,55.48861454046639,M.Callaway,NO
15,WR,0.0,0.0,0,1.0,38.86666666666667,583.0,4.066666666666666,2.533333333333333,3,0.2711111111111111,0.6229508196721312,2.7333333333333334,41.0,0,5,8.2,49.102222222222224,D.Harty,NO
55,RB,0.0,0.0,0,1.0,35.236363636363635,1938.0,5.8,4.490909090909091,10,0.10545454545454545,0.774294670846395,62.527272727272724,3439.0,17,871,3.9483352468427095,189.88394322095814,A.Kamara,NO
17,RB,0.0,0.0,0,1.0,12.117647058823529,206.0,2.588235294117647,2.1176470588235294,0,0.1522491349480969,0.8181818181818181,29.0,493.0,2,130,3.792307692307692,34.00087836039393,M.Ingram,NO
56,TE,0.0,0.0,0,1.0,28.267857142857142,1583.0,3.7857142857142856,2.5357142857142856,18,0.06760204081632652,0.6698113207547169,0.0,0.0,0,0,0.0,120.96198979591837,J.Johnson,NO
26,TE,0.0,0.0,0,1.0,23.307692307692307,606.0,2.6153846153846154,2.0384615384615383,6,0.10059171597633136,0.7794117647058822,0.0,0.0,0,0,0.0,48.53195266272189,F.Moreau,NO
45,QB,201.06666666666666,9048.0,37,0.6338337823941312,0.35555555555555557,16.0,0.022222222222222223,0.022222222222222223,0,0.0004938271604938272,0.022222222222222223,35.08888888888889,1579.0,12,312,5.060897435897436,248.04823146116829,D.Jones,NYG
11,QB,123.45454545454545,1358.0,8,0.3411899406748594,0.0,0.0,0.0,0.0,0,0.0,0.0,20.636363636363637,227.0,1,44,5.159090909090909,58.731899406748596,T.DeVito,NYG
61,WR,0.0,0.0,0,1.0,40.950819672131146,2498.0,4.786885245901639,2.721311475409836,10,0.07847352862133836,0.5684931506849314,0.11475409836065574,7.0,0,4,1.75,77.76350443429186,D.Slayton,NYG
38,WR,0.0,0.0,0,1.0,38.18421052631579,1451.0,6.552631578947368,4.631578947368421,5,0.1724376731301939,0.7068273092369478,2.736842105263158,104.0,1,14,7.428571428571429,65.29412346656115,W.Robinson,NYG
15,WR,0.0,0.0,0,1.0,80.26666666666667,1204.0,11.333333333333334,7.266666666666667,7,0.7555555555555556,0.6411764705882352,0.13333333333333333,2.0,0,5,0.4,62.351111111111116,M.Nabers,NYG
26,WR,0.0,0.0,0,1.0,26.96153846153846,701.0,3.3846153846153846,2.5,8,0.1301775147928994,0.7386363636363636,0.0,0.0,0,0,0.0,60.956508875739644,I.Hodgins,NYG
45,RB,0.0,0.0,0,1.0,21.288888888888888,958.0,4.488888888888889,3.2444444444444445,6,0.09975308641975308,0.7227722772277227,66.24444444444444,2981.0,20,722,4.128808864265928,183.2104572347047,S.Barkley,NYG
17,RB,0.0,0.0,0,1.0,16.705882352941178,284.0,3.1176470588235294,2.235294117647059,1,0.18339100346020762,0.7169811320754718,49.35294117647059,839.0,5,192,4.369791666666667,61.71224769319493,T.Tracy,NYG
15,RB,0.0,0.0,0,1.0,7.933333333333334,119.0,1.6,1.4,0,0.10666666666666667,0.8749999999999999,29.133333333333333,437.0,4,113,3.8672566371681416,45.65451327433628,D.Singletary,NYG
33,TE,0.0,0.0,0,1.0,20.272727272727273,669.0,2.5757575757575757,2.1818181818181817,3,0.07805325987144168,0.8470588235294118,0.06060606060606061,2.0,1,1,2.0,40.18943985307622,D.Bellinger,NYG
15,TE,0.0,0.0,0,1.0,27.2,408.0,4.866666666666666,3.066666666666667,3,0.3244444444444444,0.6301369863013699,-0.2,-3.0,0,1,-3.0,25.348888888888887,E.Engram,NYG
42,QB,270.76190476190476,11372.0,82,0.6978312943846087,-0.047619047619047616,-2.0,0.023809523809523808,0.023809523809523808,0,0.0005668934240362812,0.023809523809523808,5.666666666666667,238.0,4,75,3.1733333333333333,376.71849434974183,K.Cousins,MIN
18,QB,253.55555555555554,4564.0,36,0.7790320036714782,0.0,0.0,0.0,0.0,0,0.0,0.0,12.833333333333334,231.0,1,71,3.2535211267605635,175.72291784579144,S.Darnold,MIN
63,WR,1.4126984126984128,89.0,0,-1.176238212095794,97.41269841269842,6137.0,9.873015873015873,6.650793650793651,33,0.15671453766691862,0.6736334405144695,0.4603174603174603,29.0,1,12,2.4166666666666665,207.22818981151877,J.Jefferson,MIN
33,WR,0.0,0.0,0,1.0,55.0,1815.0,6.515151515151516,4.121212121212121,19,0.19742883379247017,0.6325581395348837,0.6666666666666666,22.0,1,4,5.5,146.9615243342516,J.Addison,MIN
50,WR,0.0,0.0,0,1.0,37.3,1865.0,5.0,3.2,16,0.1,0.64,0.32,16.0,0,4,4.0,117.962,K.Osborn,MIN
31,WR,0.0,0.0,0,1.0,48.12903225806452,1492.0,6.645161290322581,4.516129032258065,16,0.21436004162330907,0.6796116504854369,0.1935483870967742,6.0,0,2,3.0,117.26097814776274,A.Thielen,MIN
31,RB,0.0,0.0,0,1.0,17.06451612903226,529.0,3.6129032258064515,2.5483870967741935,2,0.1165452653485952,0.7053571428571429,77.16129032258064,2392.0,14,528,4.53030303030303,124.71627723646455,D.Cook,MIN
50,RB,0.0,0.0,0,1.0,10.26,513.0,2.04,1.56,5,0.0408,0.7647058823529412,29.48,1474.0,8,388,3.7989690721649483,99.6535381443299,A.Mattison,MIN
18,RB,0.0,0.0,0,1.0,23.333333333333332,420.0,3.7777777777777777,3.0,2,0.20987654320987653,0.7941176470588236,65.88888888888889,1186.0,5,268,4.425373134328358,70.1927215772987,A.Jones,MIN
37,TE,0.0,0.0,0,1.0,57.486486486486484,2127.0,7.864864864864865,5.702702702702703,9,0.21256391526661797,0.7250859106529209,0.0,0.0,0,0,0.0,70.17377647918188,T.Hockenson,MIN
24,TE,0.0,0.0,0,1.0,19.833333333333332,476.0,2.375,1.875,5,0.09895833333333333,0.7894736842105263,0.0,0.0,0,0,0.0,42.18125,J.Oliver,MIN
19,QB,177.10526315789474,3365.0,19,0.645925755937899,0.0,0.0,0.0,0.0,0,0.0,0.0,24.473684210526315,465.0,3,93,5.0,119.9908365067474,D.Watson,CLE
14,QB,215.0,3010.0,17,0.7167735244239402,0.0,0.0,0.0,0.0,0,0.0,0.0,9.571428571428571,134.0,1,37,3.6216216216216215,97.96812134462549,B.Mayfield,CLE
39,WR,0.0,0.0,0,1.0,69.71794871794872,2719.0,8.153846153846153,4.564102564102564,16,0.20907297830374752,0.559748427672956,0.0,0.0,0,0,0.0,113.38994082840236,A.Cooper,CLE
36,WR,0.0,0.0,0,1.0,42.583333333333336,1533.0,4.777777777777778,2.861111111111111,6,0.13271604938271606,0.5988372093023256,0.05555555555555555,2.0,0,1,2.0,54.529320987654316,D.Peoples-Jones,CLE
12,WR,0.0,0.0,0,1.0,47.5,570.0,7.25,4.333333333333333,2,0.6041666666666666,0.5977011494252873,3.3333333333333335,40.0,2,6,6.666666666666667,53.625,J.Landry,CLE
17,WR,0.0,0.0,0,1.0,72.29411764705883,1229.0,8.529411764705882,5.294117647058823,4,0.5017301038062284,0.6206896551724138,0.0,0.0,0,0,0.0,42.23287197231834,J.Jeudy,CLE
41,RB,0.0,0.0,0,1.0,11.341463414634147,465.0,1.8780487804878048,1.3658536585365855,3,0.04580606781677573,0.7272727272727274,80.14634146341463,3286.0,23,660,4.9787878787878785,185.1979683810142,N.Chubb,CLE
41,RB,0.0,0.0,0,1.0,11.634146341463415,477.0,2.3902439024390243,1.8780487804878048,2,0.05829863176680547,0.7857142857142857,31.48780487804878,1291.0,18,344,3.752906976744186,141.9346063389732,K.Hunt,CLE
34,RB,0.0,0.0,0,1.0,16.441176470588236,559.0,3.235294117647059,2.5,5,0.09515570934256055,0.7727272727272727,41.38235294117647,1407.0,7,325,4.32923076923077,96.63112589832313,J.Ford,CLE
57,TE,0.0,0.0,0,1.0,45.31578947368421,2583.0,6.385964912280702,4.315789473684211,19,0.11203447214527547,0.6758241758241758,-0.12280701754385964,-7.0,0,3,-2.3333333333333335,124.0767005232379,D.Njoku,CLE
41,TE,0.0,0.0,0,1.0,15.073170731707316,618.0,2.341463414634146,1.6829268292682926,7,0.057108863771564544,0.71875,0.3902439024390244,16.0,0,6,2.6666666666666665,58.9938925242911,H.Bryant,CLE
46,QB,236.1086956521739,10861.0,70,0.6124599374191741,0.0,0.0,0.0,0.0,0,0.0,0.0,12.565217391304348,578.0,9,148,3.9054054054054053,358.63627975022,B.Purdy,SF
29,QB,233.86206896551724,6782.0,38,0.7170741819060957,0.0,0.0,0.0,0.0,0,0.0,0.0,3.0689655172413794,89.0,5,63,1.4126984126984128,201.65751795480264,J.Garoppolo,SF
67,WR,0.3582089552238806,24.0,1,-1.1587743574169105,61.343283582089555,4110.0,6.611940298507463,4.17910447761194,20,0.09868567609712631,0.6320541760722347,17.074626865671643,1144.0,18,226,5.061946902654867,238.58964098631995,D.Samuel,SF
65,WR,0.0,0.0,0,1.0,60.76923076923077,3950.0,6.076923076923077,3.9692307692307693,21,0.09349112426035502,0.6531645569620254,0.6153846153846154,40.0,0,7,5.714285714285714,153.75401521555366,B.Aiyuk,SF
64,WR,0.328125,21.0,1,-0.9764705882352942,33.734375,2159.0,4.203125,2.734375,14,0.065673828125,0.6505576208178439,-0.015625,-1.0,0,1,-1.0,79.75164177389705,J.Jennings,SF
10,WR,0.0,0.0,0,1.0,40.0,400.0,4.6,3.1,3,0.45999999999999996,0.673913043478261,4.5,45.0,0,3,15.0,63.370000000000005,R.Pearsall,SF
37,RB,0.918918918918919,34.0,1,-1.9128721976075993,37.486486486486484,1387.0,5.5675675675675675,4.45945945945946,13,0.15047479912344777,0.8009708737864079,78.72972972972973,2913.0,26,580,5.022413793103448,240.87543358675617,C.McCaffrey,SF
34,RB,0.0,0.0,0,1.0,7.0588235294117645,240.0,1.2941176470588236,1.088235294117647,2,0.03806228373702422,0.8409090909090908,51.76470588235294,1760.0,11,411,4.2822384428223845,102.52295439429528,E.Mitchell,SF
30,RB,0.0,0.0,0,1.0,4.066666666666666,122.0,0.6,0.4666666666666667,0,0.02,0.4666666666666667,42.166666666666664,1265.0,7,238,5.315126050420168,67.29358543417368,J.Mason,SF
69,TE,0.0,0.0,0,1.0,60.65217391304348,4185.0,5.826086956521739,4.333333333333333,33,0.08443604284814114,0.7437810945273631,0.37681159420289856,26.0,0,5,5.2,224.67177063642092,G.Kittle,SF
9,TE,0.0,0.0,0,1.0,18.666666666666668,168.0,1.3333333333333333,0.8888888888888888,2,0.14814814814814814,0.6666666666666666,0.0,0.0,0,0,0.0,21.74666666666667,R.Dwelley,SF
62,QB,230.96774193548387,14320.0,74,0.7146693565262245,0.0,0.0,0.0,0.0,0,0.0,0.0,18.016129032258064,1117.0,14,235,4.753191489361702,407.69339912463084,T.Lawrence,JAX
39,WR,-0.02564102564102564,-1.0,0,0.8356579474105684,61.64102564102564,2404.0,7.512820512820513,4.6923076923076925,14,0.19263642340565418,0.6245733788395905,0.8974358974358975,35.0,0,7,5.0,108.99467283373751,C.Kirk,JAX
17,WR,0.0,0.0,0,1.0,75.41176470588235,1282.0,7.823529411764706,5.117647058823529,10,0.4602076124567474,0.6541353383458647,2.823529411764706,48.0,0,6,8.0,94.74394463667821,B.Thomas,JAX
45,WR,37.15555555555556,1672.0,8,-1.1703336406627054,31.355555555555554,1411.0,4.666666666666667,2.7333333333333334,8,0.10370370370370371,0.5857142857142857,2.0444444444444443,92.0,1,28,3.2857142857142856,85.90172179443114,M.Jones,JAX
27,WR,0.0,0.0,0,1.0,48.18518518518518,1301.0,7.592592592592593,4.777777777777778,8,0.2812071330589849,0.6292682926829268,0.6666666666666666,18.0,0,4,4.5,72.44759945130315,Z.Jones,JAX
51,RB,0.0,0.0,0,1.0,21.098039215686274,1076.0,3.411764705882353,2.6666666666666665,1,0.06689734717416378,0.7816091954022988,56.11764705882353,2862.0,19,667,4.290854572713643,146.43707246722659,T.Etienne,JAX
21,RB,0.0,0.0,0,1.0,12.761904761904763,268.0,2.7142857142857144,1.9047619047619047,1,0.1292517006802721,0.7017543859649122,52.714285714285715,1107.0,11,245,4.518367346938776,97.84285714285714,J.Robinson,JAX
28,RB,0.0,0.0,0,1.0,2.142857142857143,60.0,0.5714285714285714,0.2857142857142857,0,0.02040816326530612,0.2857142857142857,32.07142857142857,898.0,9,218,4.1192660550458715,75.70077700805092,T.Bigsby,JAX
45,TE,0.0,0.0,0,1.0,49.28888888888889,2218.0,7.155555555555556,5.466666666666667,10,0.15901234567901235,0.7639751552795031,0.28888888888888886,13.0,0,2,6.5,88.2758024691358,E.Engram,JAX
19,TE,0.0,0.0,0,1.0,23.473684210526315,446.0,3.263157894736842,2.3684210526315788,3,0.17174515235457063,0.7258064516129031,0.0,0.0,0,0,0.0,30.690858725761775,B.Strange,JAX
17,QB,209.58823529411765,3563.0,27,0.6240570177316856,0.0,0.0,0.0,0.0,0,0.0,0.0,12.647058823529411,215.0,1,57,3.7719298245614037,137.43266512055732,C.Wentz,IND
15,QB,159.4,2391.0,11,0.6263302169238704,-0.06666666666666667,-1.0,0.06666666666666667,0.06666666666666667,0,0.0044444444444444444,0.06666666666666667,42.333333333333336,635.0,10,111,5.7207207207207205,132.3162991662357,A.Richardson,IND
65,WR,0.0,0.0,0,1.0,61.03076923076923,3967.0,8.261538461538462,5.615384615384615,17,0.12710059171597635,0.6797020484171321,1.1384615384615384,74.0,0,8,9.25,136.97112426035505,M.Pittman,IND
49,WR,0.0,0.0,0,1.0,39.40816326530612,1931.0,4.326530612244898,2.2448979591836733,11,0.08829654310703874,0.5188679245283018,0.0,0.0,0,0,0.0,80.11740941274469,A.Pierce,IND
23,WR,0.0,0.0,0,1.0,34.130434782608695,785.0,4.826086956521739,3.1739130434782608,4,0.20982986767485823,0.6576576576576576,2.5217391304347827,58.0,0,5,11.6,61.28487712665407,P.Campbell,IND
31,WR,0.0,0.0,0,1.0,50.774193548387096,1574.0,6.612903225806452,4.516129032258065,7,0.2133194588969823,0.6829268292682927,-0.03225806451612903,-1.0,0,1,-1.0,55.500832466181066,J.Downs,IND
52,RB,0.0,0.0,0,1.0,15.23076923076923,792.0,2.7884615384615383,2.019230769230769,4,0.05362426035502958,0.7241379310344828,93.15384615384616,4844.0,40,996,4.863453815261044,294.67261768969365,J.Taylor,IND
22,RB,0.0,0.0,0,1.0,9.272727272727273,204.0,1.9090909090909092,1.4090909090909092,2,0.08677685950413223,0.7380952380952381,52.68181818181818,1159.0,6,259,4.474903474903475,73.31881521426976,Z.Moss,IND
24,RB,0.0,0.0,0,1.0,20.75,498.0,3.5416666666666665,2.7083333333333335,1,0.14756944444444445,0.7647058823529412,13.0,312.0,3,74,4.216216216216216,46.10257132132132,N.Hines,IND
12,TE,0.0,0.0,0,1.0,26.0,312.0,3.3333333333333335,2.0833333333333335,3,0.2777777777777778,0.625,0.0,0.0,0,0,0.0,31.15555555555556,J.Woods,IND
15,TE,0.0,0.0,0,1.0,20.133333333333333,302.0,2.8666666666666667,1.9333333333333333,3,0.19111111111111112,0.6744186046511628,0.0,0.0,0,0,0.0,30.395555555555553,J.Doyle,IND
69,QB,261.40579710144925,18037.0,120,0.7409349541087631,0.17391304347826086,12.0,0.028985507246376812,0.028985507246376812,1,0.00042007981516488136,0.028985507246376812,3.579710144927536,247.0,2,123,2.008130081300813,520.2580440662182,J.Goff,DET
4,QB,131.5,526.0,3,0.12447408539162896,0.0,0.0,0.0,0.0,0,0.0,0.0,3.25,13.0,0,2,6.5,12.731896341566516,T.Boyle,DET
69,WR,0.10144927536231885,7.0,1,0.23491622315228267,76.26086956521739,5262.0,8.898550724637682,6.666666666666667,34,0.12896450325561856,0.749185667752443,2.7246376811594204,188.0,1,23,8.173913043478262,240.85752602064278,A.St. Brown,DET
38,WR,0.0,0.0,0,1.0,40.13157894736842,1525.0,4.552631578947368,2.763157894736842,11,0.11980609418282548,0.6069364161849711,0.0,0.0,0,0,0.0,80.25277008310249,J.Reynolds,DET
60,WR,0.0,0.0,0,1.0,32.21666666666667,1933.0,3.4,2.5,7,0.056666666666666664,0.7352941176470589,2.316666666666667,139.0,0,20,6.95,69.46666666666667,K.Raymond,DET
11,WR,0.0,0.0,0,1.0,45.63636363636363,502.0,4.7272727272727275,2.727272727272727,3,0.4297520661157025,0.5769230769230769,0.0,0.0,0,0,0.0,33.42314049586777,D.Chark,DET
36,RB,0.0,0.0,0,1.0,27.13888888888889,977.0,4.416666666666667,3.361111111111111,4,0.12268518518518519,0.761006289308176,72.38888888888889,2606.0,31,475,5.486315789473684,241.17077972709552,J.Gibbs,DET
67,RB,0.0,0.0,0,1.0,25.73134328358209,1724.0,2.970149253731343,1.9104477611940298,11,0.04433058587658721,0.6432160804020101,28.35820895522388,1900.0,24,432,4.398148148148148,234.29391269193007,J.Williams,DET
32,RB,0.71875,23.0,1,-1.0701841681364161,15.71875,503.0,2.15625,1.8125,0,0.0673828125,0.8405797101449275,62.53125,2001.0,27,450,4.446666666666666,172.18000727696918,D.Montgomery,DET
37,TE,0.0,0.0,0,1.0,49.78378378378378,1842.0,6.405405405405405,4.675675675675675,19,0.1731190650109569,0.729957805907173,0.10810810810810811,4.0,0,1,4.0,137.3354273192111,S.LaPorta,DET
19,TE,0.0,0.0,0,1.0,51.473684210526315,978.0,6.684210526315789,4.578947368421052,7,0.35180055401662047,0.68503937007874,0.0,0.0,0,0,0.0,57.85096952908587,T.Hockenson,DET
71,QB,217.16901408450704,15419.0,89,0.6490128633198615,0.0,0.0,0.014084507042253521,0.0,0,0.00019837333862328903,0.0,44.50704225352113,3160.0,62,689,4.586357039187228,756.8007042469828,J.Hurts,PHI
9,QB,122.44444444444444,1102.0,7,-0.14597913833735165,0.0,0.0,0.0,0.0,0,0.0,0.0,2.4444444444444446,22.0,1,18,1.2222222222222223,36.11418775496384,G.Minshew,PHI
72,WR,0.0,0.0,0,1.0,63.97222222222222,4606.0,6.986111111111111,4.875,29,0.09702932098765432,0.6978131212723658,0.013888888888888888,1.0,0,1,1.0,192.59266975308643,D.Smith,PHI
54,WR,0.0,0.0,0,1.0,80.37037037037037,4340.0,8.24074074074074,5.296296296296297,28,0.1526063100137174,0.6426966292134833,0.0,0.0,0,0,0.0,186.34224965706449,A.Brown,PHI
42,WR,0.0,0.0,0,1.0,28.523809523809526,1198.0,3.5238095238095237,2.3095238095238093,5,0.0839002267573696,0.6554054054054054,0.09523809523809523,4.0,0,4,1.0,45.029705215419504,Q.Watkins,PHI
16,WR,0.0,0.0,0,1.0,16.8125,269.0,2.375,1.375,1,0.1484375,0.5789473684210527,0.8125,13.0,0,1,13.0,44.059375,J.Dotson,PHI
20,RB,0.0,0.0,0,1.0,17.65,353.0,2.9,2.3,2,0.145,0.793103448275862,125.2,2504.0,18,436,5.743119266055046,156.06123853211008,S.Barkley,PHI
33,RB,0.0,0.0,0,1.0,7.606060606060606,251.0,1.9696969696969697,1.5151515151515151,0,0.05968778696051424,0.7692307692307692,66.27272727272727,2187.0,13,438,4.993150684931507,105.49355573166284,M.Sanders,PHI
17,RB,0.0,0.0,0,1.0,14.470588235294118,246.0,3.1176470588235294,2.5294117647058822,1,0.18339100346020762,0.8113207547169811,63.705882352941174,1083.0,5,239,4.531380753138075,63.24719057202009,D.Swift,PHI
60,TE,0.0,0.0,0,1.0,51.483333333333334,3089.0,5.6,4.25,15,0.09333333333333332,0.7589285714285715,0.23333333333333334,14.0,0,3,4.666666666666667,114.69166666666666,D.Goedert,PHI
21,TE,0.0,0.0,0,1.0,20.095238095238095,422.0,2.0952380952380953,1.619047619047619,1,0.09977324263038549,0.7727272727272727,0.0,0.0,0,0,0.0,18.20907029478458,G.Calcaterra,PHI
55,QB,252.56363636363636,13891.0,90,0.6818629399644165,0.0,0.0,0.0,0.0,0,0.0,0.0,6.290909090909091,346.0,3,121,2.8595041322314048,401.26927402774334,T.Tagovailoa,MIA
10,QB,128.3,1283.0,5,0.14536777543380897,0.0,0.0,0.0,0.0,0,0.0,0.0,7.0,70.0,1,19,3.6842105263157894,40.65409880696967,J.Brissett,MIA
52,WR,0.0,0.0,0,1.0,88.4423076923077,4599.0,9.346153846153847,6.365384615384615,27,0.1797337278106509,0.6810699588477366,2.019230769230769,105.0,1,23,4.565217391304348,196.53605608438383,T.Hill,MIA
64,WR,0.0,0.0,0,1.0,65.6875,4204.0,7.125,4.90625,20,0.111328125,0.6885964912280702,1.09375,70.0,1,14,5.0,152.90078125,J.Waddle,MIA
22,WR,0.0,0.0,0,1.0,21.954545454545453,483.0,2.909090909090909,1.7272727272727273,3,0.1322314049586777,0.59375,0.36363636363636365,8.0,0,1,8.0,46.49628099173553,C.Wilson,MIA
13,WR,0.0,0.0,0,1.0,17.153846153846153,223.0,2.1538461538461537,1.0769230769230769,4,0.16568047337278105,0.5,0.0,0.0,0,0,0.0,36.04674556213018,M.Hollins,MIA
44,RB,0.0,0.0,0,1.0,12.159090909090908,535.0,2.25,1.7272727272727273,5,0.05113636363636364,0.7676767676767677,50.31818181818182,2214.0,23,483,4.583850931677019,193.51770186335403,R.Mostert,MIA
29,RB,0.0,0.0,0,1.0,27.93103448275862,810.0,4.482758620689655,3.7241379310344827,9,0.15457788347205706,0.8307692307692308,59.172413793103445,1716.0,14,312,5.5,168.0195005945303,D.Achane,MIA
19,RB,0.0,0.0,0,1.0,13.789473684210526,262.0,3.6315789473684212,2.789473684210526,4,0.19113573407202217,0.7681159420289854,33.578947368421055,638.0,3,183,3.4863387978142075,64.09179116903562,M.Gaskin,MIA
17,TE,0.0,0.0,0,1.0,52.0,884.0,6.529411764705882,5.176470588235294,8,0.38408304498269896,0.7927927927927928,-0.058823529411764705,-1.0,0,2,-0.5,62.96228373702422,J.Smith,MIA
35,TE,0.0,0.0,0,1.0,33.05714285714286,1157.0,4.857142857142857,3.057142857142857,8,0.13877551020408163,0.6294117647058823,0.0,0.0,0,0,0.0,61.58326530612245,M.Gesicki,MIA
30,QB,219.8,6594.0,42,0.7420427035566837,0.03333333333333333,1.0,0.03333333333333333,0.03333333333333333,0,0.0011111111111111111,0.03333333333333333,20.6,618.0,6,135,4.5777777777777775,231.43353814667796,R.Wilson,DEN
18,QB,217.72222222222223,3919.0,30,0.6821150587433201,0.1111111111111111,2.0,0.05555555555555555,0.05555555555555555,1,0.0030864197530864196,0.05555555555555555,26.27777777777778,473.0,4,96,4.927083333333333,178.0292678713838,B.Nix,DEN
65,WR,0.7076923076923077,46.0,1,-1.3279399561790055,54.353846153846156,3533.0,6.7846153846153845,4.107692307692307,22,0.10437869822485207,0.6054421768707483,0.07692307692307693,5.0,0,1,5.0,138.40074245004425,C.Sutton,DEN
41,WR,0.0,0.0,0,1.0,53.58536585365854,2197.0,5.926829268292683,3.8780487804878048,8,0.14455681142177276,0.654320987654321,1.048780487804878,43.0,0,6,7.166666666666667,78.08586159032322,J.Jeudy,DEN
32,WR,0.0,0.0,0,1.0,27.875,892.0,2.78125,1.96875,7,0.0869140625,0.7078651685393258,2.28125,73.0,0,24,3.0416666666666665,61.272786458333336,M.Mims,DEN
16,WR,0.0,0.0,0,1.0,45.875,734.0,5.3125,3.3125,5,0.33203125,0.6235294117647059,0.0,0.0,0,0,0.0,45.2515625,T.Patrick,DEN
55,RB,0.0,0.0,0,1.0,17.818181818181817,980.0,3.727272727272727,2.909090909090909,5,0.06776859504132231,0.7804878048780488,44.054545454545455,2423.0,11,613,3.9526916802610113,120.2281932778774,J.Williams,DEN
26,RB,0.0,0.0,0,1.0,16.76923076923077,436.0,2.6923076923076925,2.0384615384615383,2,0.10355029585798817,0.757142857142857,47.53846153846154,1236.0,10,293,4.2184300341296925,97.0747298907446,M.Gordon,DEN
34,RB,0.0,0.0,0,1.0,6.9411764705882355,236.0,1.8823529411764706,1.6470588235294117,4,0.05536332179930796,0.875,26.58823529411765,904.0,2,191,4.732984293193717,58.92963640645664,J.McLaughlin,DEN
16,TE,0.0,0.0,0,1.0,41.875,670.0,5.625,4.25,4,0.3515625,0.7555555555555555,0.0,0.0,0,0,0.0,38.890625,N.Fant,DEN
19,TE,0.0,0.0,0,1.0,22.36842105263158,425.0,3.0526315789473686,2.263157894736842,3,0.16066481994459836,0.7413793103448275,0.0,0.0,0,0,0.0,30.558171745152354,A.Okwuegbunam,DEN
57,QB,262.64912280701753,14971.0,116,0.7126454229575065,0.0,0.0,0.0,0.0,0,0.0,0.0,13.017543859649123,742.0,7,182,4.076923076923077,533.0880196816669,D.Prescott,DAL
31,QB,111.64516129032258,3461.0,20,0.030172524110378518,0.0,0.0,0.0,0.0,0,0.0,0.0,0.3548387096774194,11.0,0,56,0.19642857142857142,85.19587270654156,C.Rush,DAL
69,WR,0.0,0.0,0,1.0,82.89855072463769,5720.0,9.420289855072463,6.463768115942029,34,0.13652593992858642,0.6861538461538462,4.666666666666667,322.0,2,51,6.313725490196078,247.65702459937978,C.Lamb,DAL
27,WR,0.0,0.0,0,1.0,35.666666666666664,963.0,5.296296296296297,3.185185185185185,11,0.19615912208504802,0.6013986013986014,1.4074074074074074,38.0,0,9,4.222222222222222,88.54417009602194,B.Cooks,DAL
16,WR,0.0,0.0,0,1.0,58.0625,929.0,7.125,4.625,9,0.4453125,0.6491228070175439,0.0,0.0,0,0,0.0,70.696875,A.Cooper,DAL
42,WR,0.0,0.0,0,1.0,34.19047619047619,1436.0,4.9523809523809526,2.8333333333333335,9,0.11791383219954649,0.5721153846153846,0.0,0.0,0,0,0.0,67.65487528344671,M.Gallup,DAL
50,RB,0.08,4.0,0,0.4762171991210761,9.28,464.0,2.26,1.6,2,0.0452,0.7079646017699116,43.76,2188.0,25,577,3.7920277296360485,179.74382745048285,E.Elliott,DAL
52,RB,0.0,0.0,0,1.0,20.826923076923077,1083.0,3.5576923076923075,2.826923076923077,3,0.06841715976331361,0.7945945945945947,55.76923076923077,2900.0,18,615,4.715447154471545,153.22734401308512,T.Pollard,DAL
33,RB,0.0,0.0,0,1.0,12.333333333333334,407.0,2.242424242424242,1.7575757575757576,5,0.06795224977043159,0.7837837837837839,43.96969696969697,1451.0,4,326,4.450920245398773,78.66804802064144,R.Dowdle,DAL
35,TE,0.0,0.0,0,1.0,45.6,1596.0,6.257142857142857,4.4,16,0.17877551020408164,0.7031963470319635,0.0,0.0,0,0,0.0,110.91755102040817,D.Schultz,DAL
44,TE,0.0,0.0,0,1.0,35.36363636363637,1556.0,5.068181818181818,3.6363636363636362,10,0.11518595041322315,0.7174887892376681,0.0,0.0,0,0,0.0,73.76673553719009,J.Ferguson,DAL
66,QB,274.8333333333333,18139.0,136,0.6861847393683265,0.0,0.0,0.0,0.0,0,0.0,0.0,11.590909090909092,765.0,10,214,3.574766355140187,630.1638043463879,J.Burrow,CIN
11,QB,176.0,1936.0,12,0.2076203208847739,-0.6363636363636364,-7.0,0.09090909090909091,0.09090909090909091,0,0.008264462809917356,0.09090909090909091,11.363636363636363,125.0,3,29,4.310344827586207,84.82614906236726,J.Browning,CIN
69,WR,-0.10144927536231885,-7.0,0,0.0621553703157014,87.14492753623189,6013.0,9.347826086956522,6.3768115942028984,49,0.13547574039067423,0.6821705426356589,1.3043478260869565,90.0,0,25,3.6,310.9333747491557,J.Chase,CIN
59,WR,0.0,0.0,0,1.0,70.23728813559322,4144.0,7.711864406779661,4.983050847457627,31,0.13070956621660443,0.6461538461538462,0.0,0.0,0,0,0.0,203.28514794599255,T.Higgins,CIN
56,WR,1.2321428571428572,69.0,0,-2.056434809619624,43.857142857142854,2456.0,5.375,3.8035714285714284,13,0.09598214285714286,0.707641196013289,0.6428571428571429,36.0,0,5,7.2,76.52690190380378,T.Boyd,CIN
26,WR,0.0,0.0,0,1.0,22.884615384615383,595.0,3.3076923076923075,1.9615384615384615,10,0.1272189349112426,0.5930232558139535,0.0,0.0,0,0,0.0,72.54289940828403,A.Iosivas,CIN
54,RB,0.1111111111111111,6.0,1,0.2651530771650463,23.85185185185185,1288.0,4.037037037037037,3.3333333333333335,8,0.0747599451303155,0.8256880733944955,64.4074074074074,3478.0,31,865,4.020809248554913,257.6730395293913,J.Mixon,CIN
26,RB,0.0,0.0,0,1.0,19.846153846153847,516.0,3.076923076923077,2.6153846153846154,5,0.1183431952662722,0.85,44.96153846153846,1169.0,7,273,4.282051282051282,97.28155818540435,C.Brown,CIN
8,RB,0.0,0.0,0,1.0,23.375,187.0,3.375,2.875,1,0.421875,0.8518518518518519,30.25,242.0,2,74,3.27027027027027,32.597432432432434,Z.Moss,CIN
20,TE,0.0,0.0,0,1.0,31.95,639.0,4.05,3.2,6,0.20249999999999999,0.7901234567901235,0.0,0.0,0,0,0.0,49.6,C.Uzomah,CIN
16,TE,0.0,0.0,0,1.0,34.6875,555.0,5.3125,4.0625,3,0.33203125,0.7647058823529411,0.0,0.0,0,0,0.0,32.1328125,H.Hurst,CIN
